timestamp,symbol,open,high,low,close,volume
2024-01-01T00:00:00Z,EURUSD,1.10000,1.10101,1.09970,1.10028,4463
2024-01-01T01:00:00Z,EURUSD,1.10028,1.10113,1.10001,1.10041,2504
2024-01-01T02:00:00Z,EURUSD,1.10041,1.10182,1.10006,1.10109,3659
2024-01-01T03:00:00Z,EURUSD,1.10109,1.10295,1.10078,1.10199,4383
2024-01-01T04:00:00Z,EURUSD,1.10199,1.10206,1.10115,1.10193,2345
2024-01-01T05:00:00Z,EURUSD,1.10193,1.10346,1.10100,1.10273,4172
2024-01-01T06:00:00Z,EURUSD,1.10273,1.10295,1.10183,1.10224,1739
2024-01-01T07:00:00Z,EURUSD,1.10224,1.10387,1.10177,1.10324,4470
2024-01-01T08:00:00Z,EURUSD,1.10324,1.10494,1.10285,1.10417,2914
2024-01-01T09:00:00Z,EURUSD,1.10417,1.10555,1.10376,1.10523,3825
2024-01-01T10:00:00Z,EURUSD,1.10523,1.10610,1.10466,1.10489,1665
2024-01-01T11:00:00Z,EURUSD,1.10489,1.10660,1.10392,1.10584,2560
2024-01-01T12:00:00Z,EURUSD,1.10584,1.10734,1.10488,1.10702,4388
2024-01-01T13:00:00Z,EURUSD,1.10702,1.10729,1.10617,1.10718,3985
2024-01-01T14:00:00Z,EURUSD,1.10718,1.10844,1.10671,1.10820,2057
2024-01-01T15:00:00Z,EURUSD,1.10820,1.10869,1.10700,1.10784,2079
2024-01-01T16:00:00Z,EURUSD,1.10784,1.10846,1.10728,1.10762,4402
2024-01-01T17:00:00Z,EURUSD,1.10762,1.10963,1.10745,1.10916,4349
2024-01-01T18:00:00Z,EURUSD,1.10916,1.11029,1.10824,1.11016,3879
2024-01-01T19:00:00Z,EURUSD,1.11016,1.11105,1.10931,1.11095,1517
2024-01-01T20:00:00Z,EURUSD,1.11095,1.11270,1.11072,1.11226,2436
2024-01-01T21:00:00Z,EURUSD,1.11226,1.11307,1.11137,1.11161,3388
2024-01-01T22:00:00Z,EURUSD,1.11161,1.11269,1.11073,1.11220,4219
2024-01-01T23:00:00Z,EURUSD,1.11220,1.11389,1.11213,1.11369,2739
2024-01-02T00:00:00Z,EURUSD,1.11369,1.11425,1.11277,1.11350,3659
2024-01-02T01:00:00Z,EURUSD,1.11350,1.11372,1.11270,1.11290,3091
2024-01-02T02:00:00Z,EURUSD,1.11290,1.11375,1.11215,1.11247,4377
2024-01-02T03:00:00Z,EURUSD,1.11247,1.11380,1.11157,1.11376,4277
2024-01-02T04:00:00Z,EURUSD,1.11376,1.11515,1.11304,1.11421,4094
2024-01-02T05:00:00Z,EURUSD,1.11421,1.11444,1.11302,1.11354,2361
2024-01-02T06:00:00Z,EURUSD,1.11354,1.11548,1.11345,1.11487,3564
2024-01-02T07:00:00Z,EURUSD,1.11487,1.11535,1.11363,1.11443,2176
2024-01-02T08:00:00Z,EURUSD,1.11443,1.11456,1.11387,1.11397,3933
2024-01-02T09:00:00Z,EURUSD,1.11397,1.11546,1.11334,1.11447,3938
2024-01-02T10:00:00Z,EURUSD,1.11447,1.11465,1.11318,1.11388,1501
2024-01-02T11:00:00Z,EURUSD,1.11388,1.11391,1.11326,1.11332,4102
2024-01-02T12:00:00Z,EURUSD,1.11332,1.11521,1.11259,1.11453,3872
2024-01-02T13:00:00Z,EURUSD,1.11453,1.11472,1.11399,1.11418,2784
2024-01-02T14:00:00Z,EURUSD,1.11418,1.11463,1.11355,1.11399,4432
2024-01-02T15:00:00Z,EURUSD,1.11399,1.11529,1.11340,1.11507,3338
2024-01-02T16:00:00Z,EURUSD,1.11507,1.11689,1.11494,1.11629,2358
2024-01-02T17:00:00Z,EURUSD,1.11629,1.11669,1.11507,1.11583,2960
2024-01-02T18:00:00Z,EURUSD,1.11583,1.11608,1.11549,1.11607,1511
2024-01-02T19:00:00Z,EURUSD,1.11607,1.11783,1.11565,1.11707,1653
2024-01-02T20:00:00Z,EURUSD,1.11707,1.11754,1.11624,1.11674,1704
2024-01-02T21:00:00Z,EURUSD,1.11674,1.11694,1.11640,1.11692,2547
2024-01-02T22:00:00Z,EURUSD,1.11692,1.11783,1.11632,1.11767,1940
2024-01-02T23:00:00Z,EURUSD,1.11767,1.11965,1.11761,1.11881,2045
2024-01-03T00:00:00Z,EURUSD,1.11881,1.11967,1.11737,1.11768,2533
2024-01-03T01:00:00Z,EURUSD,1.11768,1.11804,1.11685,1.11731,3277
2024-01-03T02:00:00Z,EURUSD,1.11731,1.11864,1.11715,1.11803,1998
2024-01-03T03:00:00Z,EURUSD,1.11803,1.11846,1.11581,1.11677,3569
2024-01-03T04:00:00Z,EURUSD,1.11677,1.11696,1.11633,1.11691,1607
2024-01-03T05:00:00Z,EURUSD,1.11691,1.11819,1.11664,1.11730,1981
2024-01-03T06:00:00Z,EURUSD,1.11730,1.11817,1.11638,1.11652,3833
2024-01-03T07:00:00Z,EURUSD,1.11652,1.11695,1.11542,1.11637,4391
2024-01-03T08:00:00Z,EURUSD,1.11637,1.11693,1.11621,1.11649,2445
2024-01-03T09:00:00Z,EURUSD,1.11649,1.11771,1.11629,1.11720,3692
2024-01-03T10:00:00Z,EURUSD,1.11720,1.11764,1.11624,1.11702,4140
2024-01-03T11:00:00Z,EURUSD,1.11702,1.11825,1.11626,1.11769,2632
2024-01-03T12:00:00Z,EURUSD,1.11769,1.11814,1.11745,1.11756,3130
2024-01-03T13:00:00Z,EURUSD,1.11756,1.11816,1.11704,1.11784,2475
2024-01-03T14:00:00Z,EURUSD,1.11784,1.11907,1.11761,1.11826,3414
2024-01-03T15:00:00Z,EURUSD,1.11826,1.11855,1.11741,1.11809,2294
2024-01-03T16:00:00Z,EURUSD,1.11809,1.11863,1.11741,1.11766,4167
2024-01-03T17:00:00Z,EURUSD,1.11766,1.11808,1.11648,1.11662,2795
2024-01-03T18:00:00Z,EURUSD,1.11662,1.11715,1.11481,1.11575,1881
2024-01-03T19:00:00Z,EURUSD,1.11575,1.11621,1.11513,1.11541,2513
2024-01-03T20:00:00Z,EURUSD,1.11541,1.11581,1.11513,1.11542,2252
2024-01-03T21:00:00Z,EURUSD,1.11542,1.11709,1.11494,1.11618,2994
2024-01-03T22:00:00Z,EURUSD,1.11618,1.11755,1.11580,1.11695,1762
2024-01-03T23:00:00Z,EURUSD,1.11695,1.11812,1.11685,1.11721,4007
2024-01-04T00:00:00Z,EURUSD,1.11721,1.11821,1.11549,1.11644,1811
2024-01-04T01:00:00Z,EURUSD,1.11644,1.11697,1.11563,1.11671,2570
2024-01-04T02:00:00Z,EURUSD,1.11671,1.11729,1.11577,1.11677,3278
2024-01-04T03:00:00Z,EURUSD,1.11677,1.11749,1.11480,1.11562,1783
2024-01-04T04:00:00Z,EURUSD,1.11562,1.11572,1.11491,1.11518,3078
2024-01-04T05:00:00Z,EURUSD,1.11518,1.11610,1.11454,1.11551,2412
2024-01-04T06:00:00Z,EURUSD,1.11551,1.11601,1.11522,1.11577,2064
2024-01-04T07:00:00Z,EURUSD,1.11577,1.11712,1.11539,1.11619,1941
2024-01-04T08:00:00Z,EURUSD,1.11619,1.11732,1.11586,1.11698,4370
2024-01-04T09:00:00Z,EURUSD,1.11698,1.11780,1.11599,1.11623,3968
2024-01-04T10:00:00Z,EURUSD,1.11623,1.11637,1.11508,1.11535,3572
2024-01-04T11:00:00Z,EURUSD,1.11535,1.11597,1.11447,1.11572,3747
2024-01-04T12:00:00Z,EURUSD,1.11572,1.11614,1.11394,1.11448,2014
2024-01-04T13:00:00Z,EURUSD,1.11448,1.11556,1.11425,1.11488,1602
2024-01-04T14:00:00Z,EURUSD,1.11488,1.11556,1.11388,1.11486,3675
2024-01-04T15:00:00Z,EURUSD,1.11486,1.11534,1.11405,1.11432,2972
2024-01-04T16:00:00Z,EURUSD,1.11432,1.11462,1.11299,1.11388,3882
2024-01-04T17:00:00Z,EURUSD,1.11388,1.11443,1.11337,1.11341,2661
2024-01-04T18:00:00Z,EURUSD,1.11341,1.11406,1.11181,1.11230,2979
2024-01-04T19:00:00Z,EURUSD,1.11230,1.11267,1.11180,1.11196,3578
2024-01-04T20:00:00Z,EURUSD,1.11196,1.11316,1.11169,1.11218,2246
2024-01-04T21:00:00Z,EURUSD,1.11218,1.11251,1.11168,1.11169,1971
2024-01-04T22:00:00Z,EURUSD,1.11169,1.11197,1.11049,1.11115,1834
2024-01-04T23:00:00Z,EURUSD,1.11115,1.11138,1.11067,1.11130,2361
2024-01-05T00:00:00Z,EURUSD,1.11130,1.11239,1.11046,1.11172,4244
2024-01-05T01:00:00Z,EURUSD,1.11172,1.11271,1.11120,1.11240,2739
2024-01-05T02:00:00Z,EURUSD,1.11240,1.11330,1.11172,1.11272,4256
2024-01-05T03:00:00Z,EURUSD,1.11272,1.11409,1.11247,1.11361,4156
2024-01-05T04:00:00Z,EURUSD,1.11361,1.11541,1.11357,1.11516,4049
2024-01-05T05:00:00Z,EURUSD,1.11516,1.11613,1.11481,1.11560,2118
2024-01-05T06:00:00Z,EURUSD,1.11560,1.11561,1.11456,1.11487,2790
2024-01-05T07:00:00Z,EURUSD,1.11487,1.11581,1.11369,1.11449,3674
2024-01-05T08:00:00Z,EURUSD,1.11449,1.11465,1.11298,1.11376,4115
2024-01-05T09:00:00Z,EURUSD,1.11376,1.11382,1.11335,1.11355,2045
2024-01-05T10:00:00Z,EURUSD,1.11355,1.11356,1.11266,1.11302,3199
2024-01-05T11:00:00Z,EURUSD,1.11302,1.11447,1.11216,1.11434,3344
2024-01-05T12:00:00Z,EURUSD,1.11434,1.11508,1.11368,1.11428,3634
2024-01-05T13:00:00Z,EURUSD,1.11428,1.11505,1.11384,1.11442,2021
2024-01-05T14:00:00Z,EURUSD,1.11442,1.11608,1.11374,1.11558,3174
2024-01-05T15:00:00Z,EURUSD,1.11558,1.11631,1.11512,1.11591,2405
2024-01-05T16:00:00Z,EURUSD,1.11591,1.11813,1.11495,1.11728,4203
2024-01-05T17:00:00Z,EURUSD,1.11728,1.11879,1.11633,1.11797,1979
2024-01-05T18:00:00Z,EURUSD,1.11797,1.11887,1.11712,1.11801,1787
2024-01-05T19:00:00Z,EURUSD,1.11801,1.11880,1.11733,1.11794,3447
2024-01-05T20:00:00Z,EURUSD,1.11794,1.11994,1.11700,1.11916,2623
2024-01-05T21:00:00Z,EURUSD,1.11916,1.12057,1.11878,1.11985,4123
2024-01-05T22:00:00Z,EURUSD,1.11985,1.11996,1.11937,1.11962,3648
2024-01-05T23:00:00Z,EURUSD,1.11962,1.12164,1.11872,1.12093,2170
2024-01-06T00:00:00Z,EURUSD,1.12093,1.12208,1.12013,1.12189,2605
2024-01-06T01:00:00Z,EURUSD,1.12189,1.12222,1.12021,1.12118,2475
2024-01-06T02:00:00Z,EURUSD,1.12118,1.12275,1.12111,1.12248,1669
2024-01-06T03:00:00Z,EURUSD,1.12248,1.12338,1.12125,1.12223,1840
2024-01-06T04:00:00Z,EURUSD,1.12223,1.12320,1.12212,1.12264,2535
2024-01-06T05:00:00Z,EURUSD,1.12264,1.12448,1.12206,1.12367,3702
2024-01-06T06:00:00Z,EURUSD,1.12367,1.12448,1.12343,1.12386,1647
2024-01-06T07:00:00Z,EURUSD,1.12386,1.12477,1.12299,1.12463,2591
2024-01-06T08:00:00Z,EURUSD,1.12463,1.12555,1.12373,1.12509,3002
2024-01-06T09:00:00Z,EURUSD,1.12509,1.12544,1.12476,1.12530,3915
2024-01-06T10:00:00Z,EURUSD,1.12530,1.12678,1.12451,1.12632,1851
2024-01-06T11:00:00Z,EURUSD,1.12632,1.12707,1.12512,1.12602,2162
2024-01-06T12:00:00Z,EURUSD,1.12602,1.12689,1.12531,1.12668,2446
2024-01-06T13:00:00Z,EURUSD,1.12668,1.12737,1.12606,1.12696,1820
2024-01-06T14:00:00Z,EURUSD,1.12696,1.12837,1.12643,1.12796,3072
2024-01-06T15:00:00Z,EURUSD,1.12796,1.12918,1.12707,1.12836,4091
2024-01-06T16:00:00Z,EURUSD,1.12836,1.12937,1.12800,1.12923,2302
2024-01-06T17:00:00Z,EURUSD,1.12923,1.12925,1.12779,1.12875,4471
2024-01-06T18:00:00Z,EURUSD,1.12875,1.12916,1.12729,1.12821,2480
2024-01-06T19:00:00Z,EURUSD,1.12821,1.12939,1.12753,1.12900,3079
2024-01-06T20:00:00Z,EURUSD,1.12900,1.12998,1.12836,1.12905,4480
2024-01-06T21:00:00Z,EURUSD,1.12905,1.12931,1.12870,1.12885,1981
2024-01-06T22:00:00Z,EURUSD,1.12885,1.12987,1.12850,1.12951,2002
2024-01-06T23:00:00Z,EURUSD,1.12951,1.13018,1.12937,1.13006,3385
2024-01-07T00:00:00Z,EURUSD,1.13006,1.13066,1.12829,1.12876,3811
2024-01-07T01:00:00Z,EURUSD,1.12876,1.12949,1.12761,1.12858,3494
2024-01-07T02:00:00Z,EURUSD,1.12858,1.12915,1.12696,1.12781,3646
2024-01-07T03:00:00Z,EURUSD,1.12781,1.12798,1.12660,1.12683,3195
2024-01-07T04:00:00Z,EURUSD,1.12683,1.12729,1.12483,1.12534,1681
2024-01-07T05:00:00Z,EURUSD,1.12534,1.12632,1.12383,1.12452,3863
2024-01-07T06:00:00Z,EURUSD,1.12452,1.12474,1.12299,1.12363,3861
2024-01-07T07:00:00Z,EURUSD,1.12363,1.12426,1.12234,1.12313,3389
2024-01-07T08:00:00Z,EURUSD,1.12313,1.12404,1.12232,1.12241,4189
2024-01-07T09:00:00Z,EURUSD,1.12241,1.12271,1.12117,1.12211,4030
2024-01-07T10:00:00Z,EURUSD,1.12211,1.12259,1.12084,1.12104,2656
2024-01-07T11:00:00Z,EURUSD,1.12104,1.12156,1.12046,1.12055,3479
2024-01-07T12:00:00Z,EURUSD,1.12055,1.12098,1.12028,1.12056,4447
2024-01-07T13:00:00Z,EURUSD,1.12056,1.12065,1.11964,1.11983,3713
2024-01-07T14:00:00Z,EURUSD,1.11983,1.12116,1.11924,1.12061,3533
2024-01-07T15:00:00Z,EURUSD,1.12061,1.12153,1.11996,1.12068,2170
2024-01-07T16:00:00Z,EURUSD,1.12068,1.12093,1.11935,1.11950,3692
2024-01-07T17:00:00Z,EURUSD,1.11950,1.12028,1.11799,1.11872,4197
2024-01-07T18:00:00Z,EURUSD,1.11872,1.11936,1.11853,1.11887,2486
2024-01-07T19:00:00Z,EURUSD,1.11887,1.11960,1.11836,1.11915,1677
2024-01-07T20:00:00Z,EURUSD,1.11915,1.11944,1.11701,1.11769,1686
2024-01-07T21:00:00Z,EURUSD,1.11769,1.11825,1.11755,1.11814,2348
2024-01-07T22:00:00Z,EURUSD,1.11814,1.11963,1.11795,1.11881,1985
2024-01-07T23:00:00Z,EURUSD,1.11881,1.11883,1.11741,1.11751,2451
2024-01-08T00:00:00Z,EURUSD,1.11751,1.11888,1.11690,1.11802,3385
2024-01-08T01:00:00Z,EURUSD,1.11802,1.11822,1.11662,1.11693,2944
2024-01-08T02:00:00Z,EURUSD,1.11693,1.11792,1.11628,1.11631,3614
2024-01-08T03:00:00Z,EURUSD,1.11631,1.11751,1.11594,1.11676,3166
2024-01-08T04:00:00Z,EURUSD,1.11676,1.11770,1.11630,1.11750,1880
2024-01-08T05:00:00Z,EURUSD,1.11750,1.11834,1.11652,1.11664,2169
2024-01-08T06:00:00Z,EURUSD,1.11664,1.11751,1.11602,1.11671,3663
2024-01-08T07:00:00Z,EURUSD,1.11671,1.11761,1.11584,1.11721,2382
2024-01-08T08:00:00Z,EURUSD,1.11721,1.11788,1.11591,1.11598,2513
2024-01-08T09:00:00Z,EURUSD,1.11598,1.11647,1.11500,1.11644,4356
2024-01-08T10:00:00Z,EURUSD,1.11644,1.11704,1.11581,1.11631,4226
2024-01-08T11:00:00Z,EURUSD,1.11631,1.11727,1.11626,1.11637,4145
2024-01-08T12:00:00Z,EURUSD,1.11637,1.11659,1.11465,1.11496,4035
2024-01-08T13:00:00Z,EURUSD,1.11496,1.11554,1.11413,1.11532,3852
2024-01-08T14:00:00Z,EURUSD,1.11532,1.11586,1.11384,1.11433,3476
2024-01-08T15:00:00Z,EURUSD,1.11433,1.11533,1.11339,1.11402,3004
2024-01-08T16:00:00Z,EURUSD,1.11402,1.11482,1.11215,1.11260,3181
2024-01-08T17:00:00Z,EURUSD,1.11260,1.11299,1.11174,1.11182,2787
2024-01-08T18:00:00Z,EURUSD,1.11182,1.11286,1.11125,1.11219,2035
2024-01-08T19:00:00Z,EURUSD,1.11219,1.11336,1.11147,1.11260,3785
2024-01-08T20:00:00Z,EURUSD,1.11260,1.11327,1.11210,1.11246,2437
2024-01-08T21:00:00Z,EURUSD,1.11246,1.11310,1.11028,1.11096,3034
2024-01-08T22:00:00Z,EURUSD,1.11096,1.11134,1.10956,1.10974,4365
2024-01-08T23:00:00Z,EURUSD,1.10974,1.11095,1.10888,1.11035,1827
2024-01-09T00:00:00Z,EURUSD,1.11035,1.11101,1.10912,1.11004,2634
2024-01-09T01:00:00Z,EURUSD,1.11004,1.11076,1.10903,1.10951,3280
2024-01-09T02:00:00Z,EURUSD,1.10951,1.11029,1.10950,1.10967,1668
2024-01-09T03:00:00Z,EURUSD,1.10967,1.11098,1.10870,1.11000,2274
2024-01-09T04:00:00Z,EURUSD,1.11000,1.11101,1.10950,1.11040,2243
2024-01-09T05:00:00Z,EURUSD,1.11040,1.11144,1.11038,1.11094,1807
2024-01-09T06:00:00Z,EURUSD,1.11094,1.11105,1.10962,1.11032,3944
2024-01-09T07:00:00Z,EURUSD,1.11032,1.11233,1.10952,1.11155,3982
2024-01-09T08:00:00Z,EURUSD,1.11155,1.11223,1.11063,1.11217,1655
2024-01-09T09:00:00Z,EURUSD,1.11217,1.11286,1.11144,1.11261,3170
2024-01-09T10:00:00Z,EURUSD,1.11261,1.11268,1.11095,1.11194,1899
2024-01-09T11:00:00Z,EURUSD,1.11194,1.11219,1.11054,1.11117,4206
2024-01-09T12:00:00Z,EURUSD,1.11117,1.11200,1.10975,1.11058,3253
2024-01-09T13:00:00Z,EURUSD,1.11058,1.11181,1.10965,1.11093,3973
2024-01-09T14:00:00Z,EURUSD,1.11093,1.11249,1.11045,1.11244,3400
2024-01-09T15:00:00Z,EURUSD,1.11244,1.11283,1.11172,1.11186,3057
2024-01-09T16:00:00Z,EURUSD,1.11186,1.11249,1.11068,1.11143,2113
2024-01-09T17:00:00Z,EURUSD,1.11143,1.11164,1.11077,1.11106,2723
2024-01-09T18:00:00Z,EURUSD,1.11106,1.11118,1.11062,1.11116,1613
2024-01-09T19:00:00Z,EURUSD,1.11116,1.11307,1.11032,1.11246,1724
2024-01-09T20:00:00Z,EURUSD,1.11246,1.11367,1.11218,1.11365,2827
2024-01-09T21:00:00Z,EURUSD,1.11365,1.11524,1.11321,1.11487,2015
2024-01-09T22:00:00Z,EURUSD,1.11487,1.11584,1.11378,1.11474,4017
2024-01-09T23:00:00Z,EURUSD,1.11474,1.11506,1.11399,1.11484,2355
2024-01-10T00:00:00Z,EURUSD,1.11484,1.11628,1.11410,1.11606,1638
2024-01-10T01:00:00Z,EURUSD,1.11606,1.11702,1.11567,1.11702,4399
2024-01-10T02:00:00Z,EURUSD,1.11702,1.11703,1.11531,1.11631,2488
2024-01-10T03:00:00Z,EURUSD,1.11631,1.11674,1.11541,1.11589,3285
2024-01-10T04:00:00Z,EURUSD,1.11589,1.11670,1.11521,1.11566,2198
2024-01-10T05:00:00Z,EURUSD,1.11566,1.11684,1.11483,1.11624,3907
2024-01-10T06:00:00Z,EURUSD,1.11624,1.11723,1.11545,1.11565,2265
2024-01-10T07:00:00Z,EURUSD,1.11565,1.11799,1.11473,1.11712,3112
2024-01-10T08:00:00Z,EURUSD,1.11712,1.11745,1.11633,1.11703,2858
2024-01-10T09:00:00Z,EURUSD,1.11703,1.11936,1.11674,1.11852,4116
2024-01-10T10:00:00Z,EURUSD,1.11852,1.12074,1.11761,1.12002,2776
2024-01-10T11:00:00Z,EURUSD,1.12002,1.12139,1.11922,1.12133,3238
2024-01-10T12:00:00Z,EURUSD,1.12133,1.12194,1.12066,1.12165,2915
2024-01-10T13:00:00Z,EURUSD,1.12165,1.12186,1.12067,1.12177,3998
2024-01-10T14:00:00Z,EURUSD,1.12177,1.12260,1.12176,1.12182,1836
2024-01-10T15:00:00Z,EURUSD,1.12182,1.12216,1.12024,1.12119,2874
2024-01-10T16:00:00Z,EURUSD,1.12119,1.12224,1.12095,1.12158,1639
2024-01-10T17:00:00Z,EURUSD,1.12158,1.12361,1.12085,1.12269,1938
2024-01-10T18:00:00Z,EURUSD,1.12269,1.12372,1.12263,1.12369,3920
2024-01-10T19:00:00Z,EURUSD,1.12369,1.12454,1.12349,1.12351,3248
2024-01-10T20:00:00Z,EURUSD,1.12351,1.12469,1.12285,1.12380,3719
2024-01-10T21:00:00Z,EURUSD,1.12380,1.12431,1.12302,1.12400,2479
2024-01-10T22:00:00Z,EURUSD,1.12400,1.12467,1.12305,1.12425,3323
2024-01-10T23:00:00Z,EURUSD,1.12425,1.12488,1.12314,1.12362,1952
2024-01-11T00:00:00Z,EURUSD,1.12362,1.12379,1.12244,1.12312,2238
2024-01-11T01:00:00Z,EURUSD,1.12312,1.12387,1.12304,1.12369,1671
2024-01-11T02:00:00Z,EURUSD,1.12369,1.12459,1.12196,1.12270,1507
2024-01-11T03:00:00Z,EURUSD,1.12270,1.12329,1.12195,1.12319,3107
2024-01-11T04:00:00Z,EURUSD,1.12319,1.12355,1.12152,1.12178,4378
2024-01-11T05:00:00Z,EURUSD,1.12178,1.12242,1.12009,1.12075,2112
2024-01-11T06:00:00Z,EURUSD,1.12075,1.12149,1.11849,1.11923,3971
2024-01-11T07:00:00Z,EURUSD,1.11923,1.12085,1.11871,1.11987,3021
2024-01-11T08:00:00Z,EURUSD,1.11987,1.12059,1.11852,1.11944,4025
2024-01-11T09:00:00Z,EURUSD,1.11944,1.12008,1.11872,1.11956,2502
2024-01-11T10:00:00Z,EURUSD,1.11956,1.11969,1.11917,1.11961,2703
2024-01-11T11:00:00Z,EURUSD,1.11961,1.12072,1.11954,1.12032,2771
2024-01-11T12:00:00Z,EURUSD,1.12032,1.12037,1.11947,1.11987,3999
2024-01-11T13:00:00Z,EURUSD,1.11987,1.12083,1.11910,1.11924,2739
2024-01-11T14:00:00Z,EURUSD,1.11924,1.12011,1.11844,1.11987,2862
2024-01-11T15:00:00Z,EURUSD,1.11987,1.12061,1.11915,1.12006,2890
2024-01-11T16:00:00Z,EURUSD,1.12006,1.12097,1.11925,1.12053,3283
2024-01-11T17:00:00Z,EURUSD,1.12053,1.12163,1.12008,1.12124,4222
2024-01-11T18:00:00Z,EURUSD,1.12124,1.12208,1.11981,1.12054,3253
2024-01-11T19:00:00Z,EURUSD,1.12054,1.12123,1.11862,1.11950,2944
2024-01-11T20:00:00Z,EURUSD,1.11950,1.11973,1.11807,1.11840,2376
2024-01-11T21:00:00Z,EURUSD,1.11840,1.11899,1.11648,1.11723,4080
2024-01-11T22:00:00Z,EURUSD,1.11723,1.11808,1.11608,1.11623,4402
2024-01-11T23:00:00Z,EURUSD,1.11623,1.11644,1.11469,1.11470,2304
2024-01-12T00:00:00Z,EURUSD,1.11470,1.11502,1.11371,1.11375,3513
2024-01-12T01:00:00Z,EURUSD,1.11375,1.11445,1.11313,1.11352,2111
2024-01-12T02:00:00Z,EURUSD,1.11352,1.11498,1.11252,1.11419,1543
2024-01-12T03:00:00Z,EURUSD,1.11419,1.11476,1.11353,1.11384,3903
2024-01-12T04:00:00Z,EURUSD,1.11384,1.11454,1.11221,1.11312,2202
2024-01-12T05:00:00Z,EURUSD,1.11312,1.11348,1.11179,1.11200,2151
2024-01-12T06:00:00Z,EURUSD,1.11200,1.11325,1.11141,1.11260,1830
2024-01-12T07:00:00Z,EURUSD,1.11260,1.11269,1.11215,1.11251,2870
2024-01-12T08:00:00Z,EURUSD,1.11251,1.11333,1.11162,1.11206,2986
2024-01-12T09:00:00Z,EURUSD,1.11206,1.11249,1.11080,1.11123,1669
2024-01-12T10:00:00Z,EURUSD,1.11123,1.11185,1.10941,1.11001,3904
2024-01-12T11:00:00Z,EURUSD,1.11001,1.11040,1.10946,1.11006,4219
2024-01-12T12:00:00Z,EURUSD,1.11006,1.11019,1.10772,1.10857,1883
2024-01-12T13:00:00Z,EURUSD,1.10857,1.10869,1.10705,1.10747,4213
2024-01-12T14:00:00Z,EURUSD,1.10747,1.10850,1.10742,1.10780,2661
2024-01-12T15:00:00Z,EURUSD,1.10780,1.10873,1.10715,1.10850,4297
2024-01-12T16:00:00Z,EURUSD,1.10850,1.10922,1.10748,1.10776,1805
2024-01-12T17:00:00Z,EURUSD,1.10776,1.10784,1.10762,1.10773,4250
2024-01-12T18:00:00Z,EURUSD,1.10773,1.10859,1.10615,1.10629,3605
2024-01-12T19:00:00Z,EURUSD,1.10629,1.10676,1.10542,1.10593,2975
2024-01-12T20:00:00Z,EURUSD,1.10593,1.10648,1.10577,1.10624,1772
2024-01-12T21:00:00Z,EURUSD,1.10624,1.10652,1.10408,1.10495,3049
2024-01-12T22:00:00Z,EURUSD,1.10495,1.10553,1.10477,1.10485,1577
2024-01-12T23:00:00Z,EURUSD,1.10485,1.10566,1.10343,1.10411,4122
2024-01-13T00:00:00Z,EURUSD,1.10411,1.10462,1.10350,1.10396,3564
2024-01-13T01:00:00Z,EURUSD,1.10396,1.10498,1.10367,1.10424,2079
2024-01-13T02:00:00Z,EURUSD,1.10424,1.10497,1.10385,1.10493,3412
2024-01-13T03:00:00Z,EURUSD,1.10493,1.10675,1.10394,1.10613,3833
2024-01-13T04:00:00Z,EURUSD,1.10613,1.10801,1.10553,1.10758,1655
2024-01-13T05:00:00Z,EURUSD,1.10758,1.10948,1.10727,1.10896,4046
2024-01-13T06:00:00Z,EURUSD,1.10896,1.11004,1.10814,1.11002,3678
2024-01-13T07:00:00Z,EURUSD,1.11002,1.11128,1.10933,1.11037,3253
2024-01-13T08:00:00Z,EURUSD,1.11037,1.11146,1.10981,1.11100,2097
2024-01-13T09:00:00Z,EURUSD,1.11100,1.11172,1.11074,1.11138,1665
2024-01-13T10:00:00Z,EURUSD,1.11138,1.11150,1.11024,1.11102,3224
2024-01-13T11:00:00Z,EURUSD,1.11102,1.11224,1.11031,1.11169,1510
2024-01-13T12:00:00Z,EURUSD,1.11169,1.11181,1.11048,1.11087,2600
2024-01-13T13:00:00Z,EURUSD,1.11087,1.11135,1.11007,1.11085,2501
2024-01-13T14:00:00Z,EURUSD,1.11085,1.11165,1.11000,1.11135,3938
2024-01-13T15:00:00Z,EURUSD,1.11135,1.11301,1.11091,1.11235,2093
2024-01-13T16:00:00Z,EURUSD,1.11235,1.11366,1.11143,1.11298,1707
2024-01-13T17:00:00Z,EURUSD,1.11298,1.11354,1.11260,1.11335,4343
2024-01-13T18:00:00Z,EURUSD,1.11335,1.11412,1.11288,1.11403,2635
2024-01-13T19:00:00Z,EURUSD,1.11403,1.11436,1.11247,1.11334,3431
2024-01-13T20:00:00Z,EURUSD,1.11334,1.11538,1.11314,1.11477,4188
2024-01-13T21:00:00Z,EURUSD,1.11477,1.11561,1.11412,1.11524,4105
2024-01-13T22:00:00Z,EURUSD,1.11524,1.11583,1.11515,1.11577,3805
2024-01-13T23:00:00Z,EURUSD,1.11577,1.11690,1.11485,1.11644,3991
2024-01-14T00:00:00Z,EURUSD,1.11644,1.11767,1.11633,1.11693,1949
2024-01-14T01:00:00Z,EURUSD,1.11693,1.11771,1.11600,1.11704,3879
2024-01-14T02:00:00Z,EURUSD,1.11704,1.11745,1.11559,1.11653,2472
2024-01-14T03:00:00Z,EURUSD,1.11653,1.11664,1.11566,1.11648,3714
2024-01-14T04:00:00Z,EURUSD,1.11648,1.11746,1.11594,1.11608,4248
2024-01-14T05:00:00Z,EURUSD,1.11608,1.11821,1.11511,1.11754,2452
2024-01-14T06:00:00Z,EURUSD,1.11754,1.11757,1.11641,1.11730,3532
2024-01-14T07:00:00Z,EURUSD,1.11730,1.11760,1.11704,1.11709,3743
2024-01-14T08:00:00Z,EURUSD,1.11709,1.11796,1.11699,1.11731,2164
2024-01-14T09:00:00Z,EURUSD,1.11731,1.11802,1.11635,1.11652,1908
2024-01-14T10:00:00Z,EURUSD,1.11652,1.11784,1.11593,1.11710,1521
2024-01-14T11:00:00Z,EURUSD,1.11710,1.11827,1.11616,1.11759,2947
2024-01-14T12:00:00Z,EURUSD,1.11759,1.11913,1.11751,1.11862,4196
2024-01-14T13:00:00Z,EURUSD,1.11862,1.12002,1.11795,1.11906,3291
2024-01-14T14:00:00Z,EURUSD,1.11906,1.12013,1.11865,1.11963,3977
2024-01-14T15:00:00Z,EURUSD,1.11963,1.12096,1.11883,1.12010,2988
2024-01-14T16:00:00Z,EURUSD,1.12010,1.12028,1.11896,1.11952,3455
2024-01-14T17:00:00Z,EURUSD,1.11952,1.12185,1.11907,1.12100,4422
2024-01-14T18:00:00Z,EURUSD,1.12100,1.12159,1.11996,1.12017,2507
2024-01-14T19:00:00Z,EURUSD,1.12017,1.12167,1.11942,1.12114,3523
2024-01-14T20:00:00Z,EURUSD,1.12114,1.12206,1.11958,1.12057,2089
2024-01-14T21:00:00Z,EURUSD,1.12057,1.12158,1.12040,1.12065,3017
2024-01-14T22:00:00Z,EURUSD,1.12065,1.12220,1.12012,1.12134,2260
2024-01-14T23:00:00Z,EURUSD,1.12134,1.12151,1.11990,1.12086,2376
2024-01-15T00:00:00Z,EURUSD,1.12086,1.12091,1.11902,1.11966,3443
2024-01-15T01:00:00Z,EURUSD,1.11966,1.12005,1.11891,1.11922,4398
2024-01-15T02:00:00Z,EURUSD,1.11922,1.12006,1.11868,1.11950,3341
2024-01-15T03:00:00Z,EURUSD,1.11950,1.12000,1.11783,1.11818,2061
2024-01-15T04:00:00Z,EURUSD,1.11818,1.11828,1.11725,1.11753,3827
2024-01-15T05:00:00Z,EURUSD,1.11753,1.11822,1.11550,1.11606,3354
2024-01-15T06:00:00Z,EURUSD,1.11606,1.11682,1.11508,1.11672,4451
2024-01-15T07:00:00Z,EURUSD,1.11672,1.11804,1.11618,1.11736,1604
2024-01-15T08:00:00Z,EURUSD,1.11736,1.11752,1.11677,1.11704,3262
2024-01-15T09:00:00Z,EURUSD,1.11704,1.11774,1.11562,1.11584,3924
2024-01-15T10:00:00Z,EURUSD,1.11584,1.11591,1.11365,1.11431,4407
2024-01-15T11:00:00Z,EURUSD,1.11431,1.11488,1.11375,1.11376,3120
2024-01-15T12:00:00Z,EURUSD,1.11376,1.11444,1.11359,1.11402,1733
2024-01-15T13:00:00Z,EURUSD,1.11402,1.11467,1.11336,1.11349,3409
2024-01-15T14:00:00Z,EURUSD,1.11349,1.11429,1.11203,1.11265,2705
2024-01-15T15:00:00Z,EURUSD,1.11265,1.11337,1.11081,1.11139,1735
2024-01-15T16:00:00Z,EURUSD,1.11139,1.11194,1.11050,1.11160,3280
2024-01-15T17:00:00Z,EURUSD,1.11160,1.11191,1.10970,1.11048,3200
2024-01-15T18:00:00Z,EURUSD,1.11048,1.11179,1.11019,1.11082,4487
2024-01-15T19:00:00Z,EURUSD,1.11082,1.11160,1.11030,1.11139,3397
2024-01-15T20:00:00Z,EURUSD,1.11139,1.11224,1.11113,1.11147,2833
2024-01-15T21:00:00Z,EURUSD,1.11147,1.11212,1.10934,1.11015,3889
2024-01-15T22:00:00Z,EURUSD,1.11015,1.11084,1.10824,1.10885,3256
2024-01-15T23:00:00Z,EURUSD,1.10885,1.10983,1.10826,1.10941,2046
2024-01-16T00:00:00Z,EURUSD,1.10941,1.10992,1.10903,1.10975,2873
2024-01-16T01:00:00Z,EURUSD,1.10975,1.10984,1.10841,1.10889,4293
2024-01-16T02:00:00Z,EURUSD,1.10889,1.10913,1.10849,1.10874,3344
2024-01-16T03:00:00Z,EURUSD,1.10874,1.11013,1.10828,1.10958,1658
2024-01-16T04:00:00Z,EURUSD,1.10958,1.11036,1.10865,1.10874,2795
2024-01-16T05:00:00Z,EURUSD,1.10874,1.10919,1.10783,1.10900,4003
2024-01-16T06:00:00Z,EURUSD,1.10900,1.10962,1.10669,1.10763,1676
2024-01-16T07:00:00Z,EURUSD,1.10763,1.10781,1.10735,1.10765,4358
2024-01-16T08:00:00Z,EURUSD,1.10765,1.10797,1.10602,1.10611,3263
2024-01-16T09:00:00Z,EURUSD,1.10611,1.10696,1.10518,1.10601,3623
2024-01-16T10:00:00Z,EURUSD,1.10601,1.10656,1.10474,1.10514,2757
2024-01-16T11:00:00Z,EURUSD,1.10514,1.10564,1.10491,1.10552,3137
2024-01-16T12:00:00Z,EURUSD,1.10552,1.10638,1.10373,1.10421,3610
2024-01-16T13:00:00Z,EURUSD,1.10421,1.10474,1.10359,1.10379,2685
2024-01-16T14:00:00Z,EURUSD,1.10379,1.10420,1.10315,1.10408,3775
2024-01-16T15:00:00Z,EURUSD,1.10408,1.10421,1.10317,1.10399,3735
2024-01-16T16:00:00Z,EURUSD,1.10399,1.10496,1.10333,1.10430,2246
2024-01-16T17:00:00Z,EURUSD,1.10430,1.10532,1.10380,1.10453,2197
2024-01-16T18:00:00Z,EURUSD,1.10453,1.10542,1.10316,1.10414,1630
2024-01-16T19:00:00Z,EURUSD,1.10414,1.10500,1.10405,1.10467,3642
2024-01-16T20:00:00Z,EURUSD,1.10467,1.10561,1.10402,1.10541,2984
2024-01-16T21:00:00Z,EURUSD,1.10541,1.10598,1.10484,1.10597,4073
2024-01-16T22:00:00Z,EURUSD,1.10597,1.10597,1.10466,1.10557,2928
2024-01-16T23:00:00Z,EURUSD,1.10557,1.10588,1.10500,1.10540,2002
2024-01-17T00:00:00Z,EURUSD,1.10540,1.10668,1.10519,1.10609,4177
2024-01-17T01:00:00Z,EURUSD,1.10609,1.10657,1.10491,1.10577,1625
2024-01-17T02:00:00Z,EURUSD,1.10577,1.10653,1.10522,1.10643,3683
2024-01-17T03:00:00Z,EURUSD,1.10643,1.10731,1.10531,1.10598,1811
2024-01-17T04:00:00Z,EURUSD,1.10598,1.10655,1.10583,1.10607,1565
2024-01-17T05:00:00Z,EURUSD,1.10607,1.10696,1.10537,1.10681,2833
2024-01-17T06:00:00Z,EURUSD,1.10681,1.10906,1.10649,1.10818,3171
2024-01-17T07:00:00Z,EURUSD,1.10818,1.10988,1.10734,1.10954,4415
2024-01-17T08:00:00Z,EURUSD,1.10954,1.11076,1.10869,1.11066,3138
2024-01-17T09:00:00Z,EURUSD,1.11066,1.11289,1.11021,1.11218,1684
2024-01-17T10:00:00Z,EURUSD,1.11218,1.11287,1.11146,1.11273,4360
2024-01-17T11:00:00Z,EURUSD,1.11273,1.11410,1.11209,1.11338,2635
2024-01-17T12:00:00Z,EURUSD,1.11338,1.11406,1.11284,1.11351,3189
2024-01-17T13:00:00Z,EURUSD,1.11351,1.11377,1.11210,1.11281,2665
2024-01-17T14:00:00Z,EURUSD,1.11281,1.11455,1.11267,1.11414,4331
2024-01-17T15:00:00Z,EURUSD,1.11414,1.11596,1.11372,1.11508,3852
2024-01-17T16:00:00Z,EURUSD,1.11508,1.11612,1.11501,1.11576,3698
2024-01-17T17:00:00Z,EURUSD,1.11576,1.11634,1.11490,1.11521,4337
2024-01-17T18:00:00Z,EURUSD,1.11521,1.11529,1.11443,1.11519,1758
2024-01-17T19:00:00Z,EURUSD,1.11519,1.11562,1.11426,1.11436,3387
2024-01-17T20:00:00Z,EURUSD,1.11436,1.11450,1.11387,1.11411,3424
2024-01-17T21:00:00Z,EURUSD,1.11411,1.11488,1.11330,1.11456,3273
2024-01-17T22:00:00Z,EURUSD,1.11456,1.11518,1.11443,1.11480,2552
2024-01-17T23:00:00Z,EURUSD,1.11480,1.11527,1.11383,1.11416,3591
2024-01-18T00:00:00Z,EURUSD,1.11416,1.11427,1.11336,1.11375,1790
2024-01-18T01:00:00Z,EURUSD,1.11375,1.11596,1.11302,1.11525,4191
2024-01-18T02:00:00Z,EURUSD,1.11525,1.11604,1.11440,1.11479,1664
2024-01-18T03:00:00Z,EURUSD,1.11479,1.11620,1.11402,1.11555,3727
2024-01-18T04:00:00Z,EURUSD,1.11555,1.11696,1.11513,1.11634,4341
2024-01-18T05:00:00Z,EURUSD,1.11634,1.11733,1.11549,1.11612,1957
2024-01-18T06:00:00Z,EURUSD,1.11612,1.11683,1.11481,1.11576,3714
2024-01-18T07:00:00Z,EURUSD,1.11576,1.11697,1.11490,1.11686,2907
2024-01-18T08:00:00Z,EURUSD,1.11686,1.11755,1.11657,1.11713,1542
2024-01-18T09:00:00Z,EURUSD,1.11713,1.11870,1.11672,1.11855,3899
2024-01-18T10:00:00Z,EURUSD,1.11855,1.11983,1.11757,1.11905,3892
2024-01-18T11:00:00Z,EURUSD,1.11905,1.11997,1.11903,1.11939,3628
2024-01-18T12:00:00Z,EURUSD,1.11939,1.12012,1.11799,1.11873,3163
2024-01-18T13:00:00Z,EURUSD,1.11873,1.12079,1.11804,1.11981,3268
2024-01-18T14:00:00Z,EURUSD,1.11981,1.12058,1.11899,1.12001,2423
2024-01-18T15:00:00Z,EURUSD,1.12001,1.12193,1.11948,1.12125,3685
2024-01-18T16:00:00Z,EURUSD,1.12125,1.12310,1.12092,1.12246,3308
2024-01-18T17:00:00Z,EURUSD,1.12246,1.12420,1.12239,1.12367,3102
2024-01-18T18:00:00Z,EURUSD,1.12367,1.12569,1.12335,1.12490,1817
2024-01-18T19:00:00Z,EURUSD,1.12490,1.12625,1.12418,1.12618,2008
2024-01-18T20:00:00Z,EURUSD,1.12618,1.12665,1.12522,1.12627,3470
2024-01-18T21:00:00Z,EURUSD,1.12627,1.12683,1.12507,1.12547,3357
2024-01-18T22:00:00Z,EURUSD,1.12547,1.12610,1.12478,1.12495,3067
2024-01-18T23:00:00Z,EURUSD,1.12495,1.12569,1.12484,1.12531,1564
2024-01-19T00:00:00Z,EURUSD,1.12531,1.12633,1.12486,1.12573,3590
2024-01-19T01:00:00Z,EURUSD,1.12573,1.12683,1.12476,1.12600,2833
2024-01-19T02:00:00Z,EURUSD,1.12600,1.12600,1.12584,1.12589,2792
2024-01-19T03:00:00Z,EURUSD,1.12589,1.12594,1.12454,1.12500,3980
2024-01-19T04:00:00Z,EURUSD,1.12500,1.12559,1.12424,1.12462,4026
2024-01-19T05:00:00Z,EURUSD,1.12462,1.12520,1.12417,1.12443,2202
2024-01-19T06:00:00Z,EURUSD,1.12443,1.12517,1.12325,1.12417,3940
2024-01-19T07:00:00Z,EURUSD,1.12417,1.12548,1.12370,1.12477,1767
2024-01-19T08:00:00Z,EURUSD,1.12477,1.12576,1.12336,1.12378,2303
2024-01-19T09:00:00Z,EURUSD,1.12378,1.12439,1.12307,1.12384,2079
2024-01-19T10:00:00Z,EURUSD,1.12384,1.12415,1.12207,1.12254,4455
2024-01-19T11:00:00Z,EURUSD,1.12254,1.12350,1.12211,1.12315,2399
2024-01-19T12:00:00Z,EURUSD,1.12315,1.12362,1.12287,1.12336,2104
2024-01-19T13:00:00Z,EURUSD,1.12336,1.12422,1.12294,1.12339,1912
2024-01-19T14:00:00Z,EURUSD,1.12339,1.12348,1.12246,1.12270,1678
2024-01-19T15:00:00Z,EURUSD,1.12270,1.12297,1.12097,1.12184,3528
2024-01-19T16:00:00Z,EURUSD,1.12184,1.12314,1.12122,1.12254,3534
2024-01-19T17:00:00Z,EURUSD,1.12254,1.12421,1.12221,1.12332,1685
2024-01-19T18:00:00Z,EURUSD,1.12332,1.12414,1.12322,1.12390,2623
2024-01-19T19:00:00Z,EURUSD,1.12390,1.12545,1.12337,1.12453,4325
2024-01-19T20:00:00Z,EURUSD,1.12453,1.12534,1.12303,1.12400,3019
2024-01-19T21:00:00Z,EURUSD,1.12400,1.12471,1.12342,1.12398,3871
2024-01-19T22:00:00Z,EURUSD,1.12398,1.12489,1.12295,1.12355,2170
2024-01-19T23:00:00Z,EURUSD,1.12355,1.12517,1.12276,1.12428,4107
2024-01-20T00:00:00Z,EURUSD,1.12428,1.12431,1.12318,1.12383,1527
2024-01-20T01:00:00Z,EURUSD,1.12383,1.12422,1.12155,1.12245,3655
2024-01-20T02:00:00Z,EURUSD,1.12245,1.12361,1.12208,1.12293,2641
2024-01-20T03:00:00Z,EURUSD,1.12293,1.12308,1.12214,1.12218,4037
2024-01-20T04:00:00Z,EURUSD,1.12218,1.12313,1.12022,1.12114,2884
2024-01-20T05:00:00Z,EURUSD,1.12114,1.12184,1.12036,1.12155,2487
2024-01-20T06:00:00Z,EURUSD,1.12155,1.12230,1.12068,1.12110,1687
2024-01-20T07:00:00Z,EURUSD,1.12110,1.12113,1.11921,1.12012,2118
2024-01-20T08:00:00Z,EURUSD,1.12012,1.12106,1.11892,1.11939,2847
2024-01-20T09:00:00Z,EURUSD,1.11939,1.11991,1.11756,1.11827,2374
2024-01-20T10:00:00Z,EURUSD,1.11827,1.11875,1.11692,1.11727,2477
2024-01-20T11:00:00Z,EURUSD,1.11727,1.11805,1.11706,1.11784,2955
2024-01-20T12:00:00Z,EURUSD,1.11784,1.11868,1.11621,1.11667,4477
2024-01-20T13:00:00Z,EURUSD,1.11667,1.11743,1.11516,1.11560,4191
2024-01-20T14:00:00Z,EURUSD,1.11560,1.11627,1.11480,1.11545,3138
2024-01-20T15:00:00Z,EURUSD,1.11545,1.11641,1.11481,1.11601,2746
2024-01-20T16:00:00Z,EURUSD,1.11601,1.11642,1.11457,1.11490,3105
2024-01-20T17:00:00Z,EURUSD,1.11490,1.11581,1.11284,1.11379,3920
2024-01-20T18:00:00Z,EURUSD,1.11379,1.11447,1.11266,1.11319,3449
2024-01-20T19:00:00Z,EURUSD,1.11319,1.11322,1.11125,1.11207,2347
2024-01-20T20:00:00Z,EURUSD,1.11207,1.11244,1.10989,1.11071,3581
2024-01-20T21:00:00Z,EURUSD,1.11071,1.11154,1.10987,1.11061,1943
2024-01-20T22:00:00Z,EURUSD,1.11061,1.11152,1.11030,1.11130,1828
2024-01-20T23:00:00Z,EURUSD,1.11130,1.11152,1.11011,1.11033,1920
2024-01-21T00:00:00Z,EURUSD,1.11033,1.11196,1.10937,1.11149,3519
2024-01-21T01:00:00Z,EURUSD,1.11149,1.11318,1.11131,1.11240,2476
2024-01-21T02:00:00Z,EURUSD,1.11240,1.11473,1.11154,1.11379,3088
2024-01-21T03:00:00Z,EURUSD,1.11379,1.11441,1.11264,1.11337,2656
2024-01-21T04:00:00Z,EURUSD,1.11337,1.11505,1.11254,1.11478,2153
2024-01-21T05:00:00Z,EURUSD,1.11478,1.11563,1.11379,1.11451,3941
2024-01-21T06:00:00Z,EURUSD,1.11451,1.11455,1.11393,1.11416,2261
2024-01-21T07:00:00Z,EURUSD,1.11416,1.11512,1.11330,1.11335,2284
2024-01-21T08:00:00Z,EURUSD,1.11335,1.11419,1.11248,1.11340,3826
2024-01-21T09:00:00Z,EURUSD,1.11340,1.11437,1.11184,1.11278,4389
2024-01-21T10:00:00Z,EURUSD,1.11278,1.11390,1.11246,1.11352,3783
2024-01-21T11:00:00Z,EURUSD,1.11352,1.11576,1.11310,1.11485,1850
2024-01-21T12:00:00Z,EURUSD,1.11485,1.11693,1.11440,1.11595,3023
2024-01-21T13:00:00Z,EURUSD,1.11595,1.11717,1.11533,1.11632,3468
2024-01-21T14:00:00Z,EURUSD,1.11632,1.11837,1.11549,1.11786,2013
2024-01-21T15:00:00Z,EURUSD,1.11786,1.11978,1.11764,1.11880,4295
2024-01-21T16:00:00Z,EURUSD,1.11880,1.11929,1.11844,1.11924,2236
2024-01-21T17:00:00Z,EURUSD,1.11924,1.11936,1.11842,1.11917,4150
2024-01-21T18:00:00Z,EURUSD,1.11917,1.12064,1.11858,1.12003,2381
2024-01-21T19:00:00Z,EURUSD,1.12003,1.12008,1.11965,1.12003,2216
2024-01-21T20:00:00Z,EURUSD,1.12003,1.12069,1.11934,1.12004,3008
2024-01-21T21:00:00Z,EURUSD,1.12004,1.12199,1.11940,1.12119,1589
2024-01-21T22:00:00Z,EURUSD,1.12119,1.12202,1.12076,1.12163,2600
2024-01-21T23:00:00Z,EURUSD,1.12163,1.12293,1.12092,1.12278,1984
2024-01-22T00:00:00Z,EURUSD,1.12278,1.12496,1.12243,1.12400,4438
2024-01-22T01:00:00Z,EURUSD,1.12400,1.12414,1.12274,1.12337,3724
2024-01-22T02:00:00Z,EURUSD,1.12337,1.12464,1.12311,1.12412,4316
2024-01-22T03:00:00Z,EURUSD,1.12412,1.12481,1.12303,1.12356,2497
2024-01-22T04:00:00Z,EURUSD,1.12356,1.12413,1.12252,1.12344,3394
2024-01-22T05:00:00Z,EURUSD,1.12344,1.12453,1.12339,1.12390,2945
2024-01-22T06:00:00Z,EURUSD,1.12390,1.12619,1.12293,1.12534,3971
2024-01-22T07:00:00Z,EURUSD,1.12534,1.12663,1.12457,1.12650,4022
2024-01-22T08:00:00Z,EURUSD,1.12650,1.12815,1.12562,1.12790,2209
2024-01-22T09:00:00Z,EURUSD,1.12790,1.12967,1.12772,1.12932,4342
2024-01-22T10:00:00Z,EURUSD,1.12932,1.12990,1.12907,1.12975,1792
2024-01-22T11:00:00Z,EURUSD,1.12975,1.13158,1.12933,1.13122,2483
2024-01-22T12:00:00Z,EURUSD,1.13122,1.13276,1.13047,1.13221,4179
2024-01-22T13:00:00Z,EURUSD,1.13221,1.13244,1.13114,1.13138,1901
2024-01-22T14:00:00Z,EURUSD,1.13138,1.13312,1.13105,1.13280,2093
2024-01-22T15:00:00Z,EURUSD,1.13280,1.13340,1.13267,1.13336,1816
2024-01-22T16:00:00Z,EURUSD,1.13336,1.13421,1.13210,1.13276,3248
2024-01-22T17:00:00Z,EURUSD,1.13276,1.13372,1.13181,1.13222,3657
2024-01-22T18:00:00Z,EURUSD,1.13222,1.13318,1.13213,1.13308,2923
2024-01-22T19:00:00Z,EURUSD,1.13308,1.13445,1.13256,1.13444,4290
2024-01-22T20:00:00Z,EURUSD,1.13444,1.13470,1.13316,1.13383,3668
2024-01-22T21:00:00Z,EURUSD,1.13383,1.13427,1.13297,1.13399,2942
2024-01-22T22:00:00Z,EURUSD,1.13399,1.13518,1.13312,1.13507,2055
2024-01-22T23:00:00Z,EURUSD,1.13507,1.13718,1.13463,1.13644,2814
2024-01-23T00:00:00Z,EURUSD,1.13644,1.13706,1.13514,1.13564,2703
2024-01-23T01:00:00Z,EURUSD,1.13564,1.13638,1.13513,1.13615,2705
2024-01-23T02:00:00Z,EURUSD,1.13615,1.13703,1.13513,1.13535,2291
2024-01-23T03:00:00Z,EURUSD,1.13535,1.13604,1.13381,1.13404,1674
2024-01-23T04:00:00Z,EURUSD,1.13404,1.13490,1.13315,1.13476,2010
2024-01-23T05:00:00Z,EURUSD,1.13476,1.13490,1.13319,1.13356,2703
2024-01-23T06:00:00Z,EURUSD,1.13356,1.13484,1.13313,1.13411,3179
2024-01-23T07:00:00Z,EURUSD,1.13411,1.13442,1.13360,1.13372,2982
2024-01-23T08:00:00Z,EURUSD,1.13372,1.13375,1.13248,1.13279,2386
2024-01-23T09:00:00Z,EURUSD,1.13279,1.13348,1.13143,1.13215,4111
2024-01-23T10:00:00Z,EURUSD,1.13215,1.13275,1.13167,1.13188,1662
2024-01-23T11:00:00Z,EURUSD,1.13188,1.13239,1.13105,1.13174,2829
2024-01-23T12:00:00Z,EURUSD,1.13174,1.13246,1.13008,1.13040,4204
2024-01-23T13:00:00Z,EURUSD,1.13040,1.13091,1.12906,1.12922,2073
2024-01-23T14:00:00Z,EURUSD,1.12922,1.12927,1.12866,1.12922,3928
2024-01-23T15:00:00Z,EURUSD,1.12922,1.12950,1.12787,1.12823,1747
2024-01-23T16:00:00Z,EURUSD,1.12823,1.12903,1.12740,1.12873,2310
2024-01-23T17:00:00Z,EURUSD,1.12873,1.12877,1.12772,1.12836,2960
2024-01-23T18:00:00Z,EURUSD,1.12836,1.12930,1.12739,1.12763,2411
2024-01-23T19:00:00Z,EURUSD,1.12763,1.12803,1.12605,1.12649,4321
2024-01-23T20:00:00Z,EURUSD,1.12649,1.12719,1.12518,1.12610,2460
2024-01-23T21:00:00Z,EURUSD,1.12610,1.12685,1.12585,1.12633,1813
2024-01-23T22:00:00Z,EURUSD,1.12633,1.12658,1.12445,1.12509,4364
2024-01-23T23:00:00Z,EURUSD,1.12509,1.12593,1.12350,1.12404,2100
2024-01-24T00:00:00Z,EURUSD,1.12404,1.12499,1.12168,1.12261,1926
2024-01-24T01:00:00Z,EURUSD,1.12261,1.12271,1.12125,1.12159,4095
2024-01-24T02:00:00Z,EURUSD,1.12159,1.12213,1.12002,1.12085,3863
2024-01-24T03:00:00Z,EURUSD,1.12085,1.12230,1.12023,1.12151,1604
2024-01-24T04:00:00Z,EURUSD,1.12151,1.12225,1.11926,1.12023,2621
2024-01-24T05:00:00Z,EURUSD,1.12023,1.12023,1.11935,1.11993,4240
2024-01-24T06:00:00Z,EURUSD,1.11993,1.12044,1.11801,1.11866,1901
2024-01-24T07:00:00Z,EURUSD,1.11866,1.11921,1.11830,1.11832,3445
2024-01-24T08:00:00Z,EURUSD,1.11832,1.11952,1.11778,1.11896,1735
2024-01-24T09:00:00Z,EURUSD,1.11896,1.12035,1.11825,1.11961,1958
2024-01-24T10:00:00Z,EURUSD,1.11961,1.11991,1.11785,1.11882,4180
2024-01-24T11:00:00Z,EURUSD,1.11882,1.11966,1.11677,1.11743,3137
2024-01-24T12:00:00Z,EURUSD,1.11743,1.11831,1.11740,1.11769,2087
2024-01-24T13:00:00Z,EURUSD,1.11769,1.11773,1.11560,1.11637,3197
2024-01-24T14:00:00Z,EURUSD,1.11637,1.11736,1.11591,1.11695,1967
2024-01-24T15:00:00Z,EURUSD,1.11695,1.11737,1.11685,1.11730,3756
2024-01-24T16:00:00Z,EURUSD,1.11730,1.11756,1.11640,1.11671,2997
2024-01-24T17:00:00Z,EURUSD,1.11671,1.11711,1.11468,1.11543,2071
2024-01-24T18:00:00Z,EURUSD,1.11543,1.11628,1.11458,1.11471,2602
2024-01-24T19:00:00Z,EURUSD,1.11471,1.11612,1.11452,1.11528,2051
2024-01-24T20:00:00Z,EURUSD,1.11528,1.11580,1.11331,1.11430,1573
2024-01-24T21:00:00Z,EURUSD,1.11430,1.11458,1.11213,1.11303,2028
2024-01-24T22:00:00Z,EURUSD,1.11303,1.11313,1.11222,1.11256,2794
2024-01-24T23:00:00Z,EURUSD,1.11256,1.11297,1.11154,1.11233,1980
2024-01-25T00:00:00Z,EURUSD,1.11233,1.11428,1.11222,1.11373,3436
2024-01-25T01:00:00Z,EURUSD,1.11373,1.11535,1.11354,1.11459,3136
2024-01-25T02:00:00Z,EURUSD,1.11459,1.11508,1.11316,1.11411,1826
2024-01-25T03:00:00Z,EURUSD,1.11411,1.11497,1.11261,1.11344,4110
2024-01-25T04:00:00Z,EURUSD,1.11344,1.11430,1.11306,1.11319,2012
2024-01-25T05:00:00Z,EURUSD,1.11319,1.11329,1.11226,1.11316,4298
2024-01-25T06:00:00Z,EURUSD,1.11316,1.11356,1.11302,1.11356,3939
2024-01-25T07:00:00Z,EURUSD,1.11356,1.11420,1.11248,1.11347,2180
2024-01-25T08:00:00Z,EURUSD,1.11347,1.11351,1.11201,1.11279,4135
2024-01-25T09:00:00Z,EURUSD,1.11279,1.11414,1.11259,1.11317,2385
2024-01-25T10:00:00Z,EURUSD,1.11317,1.11495,1.11231,1.11420,2194
2024-01-25T11:00:00Z,EURUSD,1.11420,1.11429,1.11378,1.11419,2577
2024-01-25T12:00:00Z,EURUSD,1.11419,1.11593,1.11379,1.11551,3582
2024-01-25T13:00:00Z,EURUSD,1.11551,1.11662,1.11534,1.11659,3345
2024-01-25T14:00:00Z,EURUSD,1.11659,1.11675,1.11579,1.11638,2891
2024-01-25T15:00:00Z,EURUSD,1.11638,1.11691,1.11529,1.11556,2890
2024-01-25T16:00:00Z,EURUSD,1.11556,1.11675,1.11518,1.11597,3869
2024-01-25T17:00:00Z,EURUSD,1.11597,1.11784,1.11541,1.11702,4186
2024-01-25T18:00:00Z,EURUSD,1.11702,1.11780,1.11669,1.11720,4358
2024-01-25T19:00:00Z,EURUSD,1.11720,1.11809,1.11604,1.11697,3796
2024-01-25T20:00:00Z,EURUSD,1.11697,1.11738,1.11592,1.11667,4289
2024-01-25T21:00:00Z,EURUSD,1.11667,1.11789,1.11568,1.11764,4302
2024-01-25T22:00:00Z,EURUSD,1.11764,1.11914,1.11759,1.11830,4088
2024-01-25T23:00:00Z,EURUSD,1.11830,1.11984,1.11757,1.11946,4121
2024-01-26T00:00:00Z,EURUSD,1.11946,1.11996,1.11866,1.11904,3440
2024-01-26T01:00:00Z,EURUSD,1.11904,1.12048,1.11808,1.12025,3838
2024-01-26T02:00:00Z,EURUSD,1.12025,1.12238,1.11953,1.12174,2235
2024-01-26T03:00:00Z,EURUSD,1.12174,1.12374,1.12134,1.12278,3734
2024-01-26T04:00:00Z,EURUSD,1.12278,1.12353,1.12155,1.12246,4484
2024-01-26T05:00:00Z,EURUSD,1.12246,1.12397,1.12243,1.12332,3094
2024-01-26T06:00:00Z,EURUSD,1.12332,1.12342,1.12236,1.12333,3162
2024-01-26T07:00:00Z,EURUSD,1.12333,1.12381,1.12236,1.12273,3893
2024-01-26T08:00:00Z,EURUSD,1.12273,1.12378,1.12232,1.12288,3942
2024-01-26T09:00:00Z,EURUSD,1.12288,1.12353,1.12236,1.12241,2380
2024-01-26T10:00:00Z,EURUSD,1.12241,1.12352,1.12147,1.12272,2612
2024-01-26T11:00:00Z,EURUSD,1.12272,1.12383,1.12206,1.12359,2624
2024-01-26T12:00:00Z,EURUSD,1.12359,1.12390,1.12277,1.12350,1993
2024-01-26T13:00:00Z,EURUSD,1.12350,1.12473,1.12260,1.12461,3504
2024-01-26T14:00:00Z,EURUSD,1.12461,1.12552,1.12385,1.12456,1781
2024-01-26T15:00:00Z,EURUSD,1.12456,1.12460,1.12385,1.12441,3811
2024-01-26T16:00:00Z,EURUSD,1.12441,1.12453,1.12383,1.12413,1561
2024-01-26T17:00:00Z,EURUSD,1.12413,1.12470,1.12352,1.12383,4251
2024-01-26T18:00:00Z,EURUSD,1.12383,1.12547,1.12307,1.12490,4023
2024-01-26T19:00:00Z,EURUSD,1.12490,1.12504,1.12454,1.12499,4016
2024-01-26T20:00:00Z,EURUSD,1.12499,1.12630,1.12444,1.12538,4454
2024-01-26T21:00:00Z,EURUSD,1.12538,1.12756,1.12495,1.12677,3673
2024-01-26T22:00:00Z,EURUSD,1.12677,1.12832,1.12588,1.12819,2365
2024-01-26T23:00:00Z,EURUSD,1.12819,1.12907,1.12727,1.12840,4323
2024-01-27T00:00:00Z,EURUSD,1.12840,1.12846,1.12724,1.12791,2146
2024-01-27T01:00:00Z,EURUSD,1.12791,1.12867,1.12703,1.12755,3201
2024-01-27T02:00:00Z,EURUSD,1.12755,1.12852,1.12602,1.12647,4284
2024-01-27T03:00:00Z,EURUSD,1.12647,1.12756,1.12557,1.12683,2932
2024-01-27T04:00:00Z,EURUSD,1.12683,1.12753,1.12498,1.12578,1536
2024-01-27T05:00:00Z,EURUSD,1.12578,1.12659,1.12538,1.12632,2671
2024-01-27T06:00:00Z,EURUSD,1.12632,1.12687,1.12434,1.12484,2300
2024-01-27T07:00:00Z,EURUSD,1.12484,1.12553,1.12313,1.12366,1932
2024-01-27T08:00:00Z,EURUSD,1.12366,1.12463,1.12221,1.12260,3491
2024-01-27T09:00:00Z,EURUSD,1.12260,1.12292,1.12039,1.12108,2347
2024-01-27T10:00:00Z,EURUSD,1.12108,1.12269,1.12103,1.12193,3084
2024-01-27T11:00:00Z,EURUSD,1.12193,1.12217,1.12020,1.12045,4283
2024-01-27T12:00:00Z,EURUSD,1.12045,1.12047,1.11956,1.12011,4243
2024-01-27T13:00:00Z,EURUSD,1.12011,1.12096,1.11906,1.11908,2372
2024-01-27T14:00:00Z,EURUSD,1.11908,1.11938,1.11721,1.11765,2002
2024-01-27T15:00:00Z,EURUSD,1.11765,1.11854,1.11659,1.11706,2537
2024-01-27T16:00:00Z,EURUSD,1.11706,1.11760,1.11512,1.11582,3790
2024-01-27T17:00:00Z,EURUSD,1.11582,1.11614,1.11434,1.11472,1981
2024-01-27T18:00:00Z,EURUSD,1.11472,1.11617,1.11455,1.11530,2110
2024-01-27T19:00:00Z,EURUSD,1.11530,1.11553,1.11491,1.11530,3620
2024-01-27T20:00:00Z,EURUSD,1.11530,1.11581,1.11330,1.11393,1642
2024-01-27T21:00:00Z,EURUSD,1.11393,1.11425,1.11279,1.11333,2518
2024-01-27T22:00:00Z,EURUSD,1.11333,1.11427,1.11280,1.11292,3378
2024-01-27T23:00:00Z,EURUSD,1.11292,1.11331,1.11119,1.11161,3387
2024-01-28T00:00:00Z,EURUSD,1.11161,1.11190,1.10963,1.11024,2898
2024-01-28T01:00:00Z,EURUSD,1.11024,1.11085,1.10802,1.10890,3939
2024-01-28T02:00:00Z,EURUSD,1.10890,1.10917,1.10771,1.10867,2872
2024-01-28T03:00:00Z,EURUSD,1.10867,1.10943,1.10817,1.10914,2278
2024-01-28T04:00:00Z,EURUSD,1.10914,1.10974,1.10891,1.10917,3782
2024-01-28T05:00:00Z,EURUSD,1.10917,1.10974,1.10783,1.10879,4490
2024-01-28T06:00:00Z,EURUSD,1.10879,1.10968,1.10878,1.10939,2191
2024-01-28T07:00:00Z,EURUSD,1.10939,1.11018,1.10877,1.11015,2494
2024-01-28T08:00:00Z,EURUSD,1.11015,1.11102,1.10990,1.11089,3039
2024-01-28T09:00:00Z,EURUSD,1.11089,1.11197,1.11072,1.11120,4352
2024-01-28T10:00:00Z,EURUSD,1.11120,1.11145,1.11038,1.11063,3301
2024-01-28T11:00:00Z,EURUSD,1.11063,1.11091,1.10880,1.10941,1578
2024-01-28T12:00:00Z,EURUSD,1.10941,1.11003,1.10893,1.10997,4282
2024-01-28T13:00:00Z,EURUSD,1.10997,1.11041,1.10852,1.10856,3017
2024-01-28T14:00:00Z,EURUSD,1.10856,1.10898,1.10794,1.10862,3176
2024-01-28T15:00:00Z,EURUSD,1.10862,1.10930,1.10718,1.10797,2099
2024-01-28T16:00:00Z,EURUSD,1.10797,1.10921,1.10732,1.10873,2982
2024-01-28T17:00:00Z,EURUSD,1.10873,1.10982,1.10818,1.10883,3430
2024-01-28T18:00:00Z,EURUSD,1.10883,1.10961,1.10833,1.10888,3667
2024-01-28T19:00:00Z,EURUSD,1.10888,1.10965,1.10844,1.10870,2299
2024-01-28T20:00:00Z,EURUSD,1.10870,1.10949,1.10825,1.10932,3936
2024-01-28T21:00:00Z,EURUSD,1.10932,1.10978,1.10928,1.10956,3327
2024-01-28T22:00:00Z,EURUSD,1.10956,1.11013,1.10795,1.10894,3685
2024-01-28T23:00:00Z,EURUSD,1.10894,1.10935,1.10693,1.10766,3502
2024-01-29T00:00:00Z,EURUSD,1.10766,1.10853,1.10740,1.10747,2767
2024-01-29T01:00:00Z,EURUSD,1.10747,1.10834,1.10652,1.10730,2344
2024-01-29T02:00:00Z,EURUSD,1.10730,1.10800,1.10685,1.10697,3461
2024-01-29T03:00:00Z,EURUSD,1.10697,1.10834,1.10693,1.10780,1934
2024-01-29T04:00:00Z,EURUSD,1.10780,1.10874,1.10762,1.10763,4364
2024-01-29T05:00:00Z,EURUSD,1.10763,1.10875,1.10755,1.10827,3673
2024-01-29T06:00:00Z,EURUSD,1.10827,1.10897,1.10737,1.10801,3748
2024-01-29T07:00:00Z,EURUSD,1.10801,1.10802,1.10697,1.10756,2986
2024-01-29T08:00:00Z,EURUSD,1.10756,1.10925,1.10723,1.10877,2091
2024-01-29T09:00:00Z,EURUSD,1.10877,1.10881,1.10784,1.10802,2850
2024-01-29T10:00:00Z,EURUSD,1.10802,1.10993,1.10754,1.10923,1993
2024-01-29T11:00:00Z,EURUSD,1.10923,1.10996,1.10802,1.10872,1612
2024-01-29T12:00:00Z,EURUSD,1.10872,1.10966,1.10844,1.10888,3954
2024-01-29T13:00:00Z,EURUSD,1.10888,1.10946,1.10849,1.10930,2190
2024-01-29T14:00:00Z,EURUSD,1.10930,1.10973,1.10856,1.10902,1702
2024-01-29T15:00:00Z,EURUSD,1.10902,1.11069,1.10872,1.10983,2583
2024-01-29T16:00:00Z,EURUSD,1.10983,1.11035,1.10902,1.11019,1926
2024-01-29T17:00:00Z,EURUSD,1.11019,1.11108,1.10991,1.11042,4234
2024-01-29T18:00:00Z,EURUSD,1.11042,1.11222,1.10967,1.11127,2470
2024-01-29T19:00:00Z,EURUSD,1.11127,1.11154,1.11045,1.11075,3652
2024-01-29T20:00:00Z,EURUSD,1.11075,1.11170,1.10993,1.11109,3017
2024-01-29T21:00:00Z,EURUSD,1.11109,1.11183,1.10993,1.11078,3730
2024-01-29T22:00:00Z,EURUSD,1.11078,1.11177,1.10939,1.11001,2259
2024-01-29T23:00:00Z,EURUSD,1.11001,1.11087,1.10944,1.10982,4448
2024-01-30T00:00:00Z,EURUSD,1.10982,1.11080,1.10885,1.10956,3124
2024-01-30T01:00:00Z,EURUSD,1.10956,1.11050,1.10895,1.11039,3002
2024-01-30T02:00:00Z,EURUSD,1.11039,1.11183,1.10972,1.11110,2534
2024-01-30T03:00:00Z,EURUSD,1.11110,1.11293,1.11104,1.11246,4308
2024-01-30T04:00:00Z,EURUSD,1.11246,1.11286,1.11149,1.11229,2728
2024-01-30T05:00:00Z,EURUSD,1.11229,1.11277,1.11178,1.11185,1624
2024-01-30T06:00:00Z,EURUSD,1.11185,1.11264,1.11105,1.11114,3449
2024-01-30T07:00:00Z,EURUSD,1.11114,1.11133,1.11019,1.11043,4243
2024-01-30T08:00:00Z,EURUSD,1.11043,1.11098,1.10954,1.11080,3663
2024-01-30T09:00:00Z,EURUSD,1.11080,1.11121,1.10985,1.11100,3103
2024-01-30T10:00:00Z,EURUSD,1.11100,1.11246,1.11007,1.11199,4250
2024-01-30T11:00:00Z,EURUSD,1.11199,1.11289,1.11166,1.11248,3601
2024-01-30T12:00:00Z,EURUSD,1.11248,1.11342,1.11177,1.11209,2611
2024-01-30T13:00:00Z,EURUSD,1.11209,1.11389,1.11175,1.11309,2053
2024-01-30T14:00:00Z,EURUSD,1.11309,1.11437,1.11294,1.11424,3304
2024-01-30T15:00:00Z,EURUSD,1.11424,1.11592,1.11358,1.11504,2946
2024-01-30T16:00:00Z,EURUSD,1.11504,1.11620,1.11455,1.11525,3114
2024-01-30T17:00:00Z,EURUSD,1.11525,1.11745,1.11510,1.11677,3309
2024-01-30T18:00:00Z,EURUSD,1.11677,1.11817,1.11662,1.11759,1684
2024-01-30T19:00:00Z,EURUSD,1.11759,1.11851,1.11658,1.11722,2854
2024-01-30T20:00:00Z,EURUSD,1.11722,1.11778,1.11620,1.11682,3588
2024-01-30T21:00:00Z,EURUSD,1.11682,1.11735,1.11656,1.11715,3999
2024-01-30T22:00:00Z,EURUSD,1.11715,1.11735,1.11603,1.11668,1523
2024-01-30T23:00:00Z,EURUSD,1.11668,1.11723,1.11586,1.11624,3199
